Lesson,Date,Done,Files,Homework
"1. Strong adjectives (Part%201%20e49b-8393/1%20Strong%20adjectives%20feea0b6628d1451db63dd9382f6687ee.html) ","October 6, 2022",Done,,1) Create 8-10 question about my vacation using strong adjectives 🙂
"1. Strong adjectives (Part%201%20e49b-8393/1%20Strong%20adjectives%20feea0b6628d1451db63dd9382f6687ee.html) ","September 20, 2022",Done,,"1) Practice words in https://quizlet.com/_95klny?x=1jqt&i=172xyn

2) Write a text about an event in your life: describe what happened and how you felt - use new words from the lesson (at least 7 of them). "
"2. Family (Part%201%20e49b-8393/2%20Family%20f26b8031d0c4470bbf4d9897643aa284.html) ","October 18, 2022",Done,,1) https://wordwall.net/resource/23224664/family-ef-crossword
"2. Family (Part%201%20e49b-8393/2%20Family%20f26b8031d0c4470bbf4d9897643aa284.html) ","October 25, 2022",Done,,"1) Imagine that you need to introduce your family to a person who knows nothing about you. Introduce each member of your family, tell a few words about each of them. "
"3. Articles (Part%201%20e49b-8393/3%20Articles%20aa92ce70891c4b538b50bcd33113c3cd.html) ","November 1, 2022",Done,,"1) Articles
https://test-english.com/grammar-points/b1/an-the-no-article/
https://test-english.com/grammar-points/b1/an-the-no-article/2/
https://test-english.com/grammar-points/b1/an-the-no-article/3/
https://learningapps.org/display?v=p5gznidg221
https://learningapps.org/display?v=p03mpog3321"
"3. Articles (Part%201%20e49b-8393/3%20Articles%20aa92ce70891c4b538b50bcd33113c3cd.html) ","November 10, 2022",Done,,1) Write about 5 stereotypes that exist in our society about your profession. Pay attention to articles. Prove them or explain why they are false.
"3. Articles (Part%201%20e49b-8393/3%20Articles%20aa92ce70891c4b538b50bcd33113c3cd.html) ","November 22, 2022",Done,,"1) Watch https://en.islcollective.com/video-lessons/articles-grammar-gameshow-episode-28 and take the quiz

2) Practice articles more:
https://www.essentialenglish.review/apps/english-grammar-in-use-with-answers/unit-72-a-an-and-the/#71
https://www.essentialenglish.review/apps/english-grammar-in-use-with-answers/unit-73-the-1/#72
https://www.essentialenglish.review/apps/english-grammar-in-use-with-answers/unit-74-the-2-school-the-school-etc/#73
https://www.essentialenglish.review/apps/english-grammar-in-use-with-answers/unit-75-the-3-children-the-children/#74"
"4. Ability and possibility (Part%201%20e49b-8393/4%20Ability%20and%20possibility%20195dc4c3e4a94ac78382f2a8d06e7ab7.html) ","November 29, 2022",Done,,"1) Face2Face Workbook 7A (Part%201%20e49b-8393/4%20Ability%20and%20possibility/Face2Face%20Workbook%207A%201c9da2f177394604bf7145f18afa56ec.html) "
"5. Ability and possibility (Part 2) (Part%201%20e49b-8393/5%20Ability%20and%20possibility%20(Part%202)%207a7737e313ae437bb4e586f4410ec89c.html) ","December 6, 2022",Done,,"1) Online practice 
https://test-english.com/grammar-points/b1/can-could-be-able-to/
https://test-english.com/grammar-points/b1/can-could-be-able-to/2/
https://test-english.com/grammar-points/b1/can-could-be-able-to/3/
https://www.perfect-english-grammar.com/modal-verbs-of-ability-exercise-1.html"
"5. Ability and possibility (Part 2) (Part%201%20e49b-8393/5%20Ability%20and%20possibility%20(Part%202)%207a7737e313ae437bb4e586f4410ec89c.html) ","December 13, 2022",Done,,"1) Find some other lifehacks and tell about them next time. It should be something unusual. Be ready to share these lifehacks with me. Try to use modals of ability and possibility. 

2) https://www.essentialenglish.review/apps/english-grammar-in-use-with-answers/unit-26-can-could-and-be-able-to/#25

3) Watch https://en.islcollective.com/english-esl-video-lessons/listening-comprehension/basic-listening-focus-on-hearing/can-or-be-able-to/luca-trailer-feelings-and-abilities/479025 and do the tasks"
"6. Adjectives ending with -ed/-ing (Part%201%20e49b-8393/6%20Adjectives%20ending%20with%20-ed%20-ing%2042dbac5fde3d416894bb550ee67783e4.html) ","December 29, 2022",Done,,"1) Online practice 
https://test-english.com/grammar-points/b1/ed-ing-adjectives-adjectives-verbs/
https://test-english.com/grammar-points/b1/ed-ing-adjectives-adjectives-verbs/2/
https://test-english.com/grammar-points/b1/ed-ing-adjectives-adjectives-verbs/3/

2) Practice more https://www.essentialenglish.review/apps/english-grammar-in-use-with-answers/unit-98-adjectives-ending-in-ing-and-ed-boring-bored-etc/#97"
"6. Adjectives ending with -ed/-ing (Part%201%20e49b-8393/6%20Adjectives%20ending%20with%20-ed%20-ing%2042dbac5fde3d416894bb550ee67783e4.html) ","January 6, 2023",Done,,"1) Create 8 pairs of sentences with -ed and -ing adjectives:
I’m frightened of heights. Mountains can be frightening for me.

Be ready to discuss your sentences next time!"
"7. Phone language + Obligation and prohibition (Part%201%20e49b-8393/7%20Phone%20language%20+%20Obligation%20and%20prohibition%2078dda971bb024f2fbc0a1ee95bb80c53.html) ","January 10, 2023",Done,,"1) Imagine that your foreign friend came to Russia and they need to buy a sim-card. Be ready to tell them about how to buy it and how people in Russia usually use their phones (how ofthen we call each other, etc)"
"7. Phone language + Obligation and prohibition (Part%201%20e49b-8393/7%20Phone%20language%20+%20Obligation%20and%20prohibition%2078dda971bb024f2fbc0a1ee95bb80c53.html) ","January 17, 2023",Done,,"1) Online practice
https://test-english.com/grammar-points/b1/have-to-must-should/
https://test-english.com/grammar-points/b1/have-to-must-should/2/
https://test-english.com/grammar-points/b1/have-to-must-should/3/

2) https://www.essentialenglish.review/apps/english-grammar-in-use-with-answers/unit-31-have-to-and-must/#30

3) Imagine that you have your own company. Create 7 rules for it using different modals of obligation."
"8. Present and past habits and states (Part%201%20e49b-8393/8%20Present%20and%20past%20habits%20and%20states%207a1fb1f763644c5f89cb955279a9bf4e.html) ","January 31, 2023",Done,,"1) Online practice 
https://test-english.com/grammar-points/b1/usually-used-to-be-used-to-get-used-to/
https://test-english.com/grammar-points/b1/usually-used-to-be-used-to-get-used-to/2/
https://test-english.com/grammar-points/b1/usually-used-to-be-used-to-get-used-to/3/

2) English File Workbook 5B (Part%201%20e49b-8393/8%20Present%20and%20past%20habits%20and%20states/English%20File%20Workbook%205B%20ed1158cfd2784435b99367c0897522e9.html) "
"8. Present and past habits and states (Part%201%20e49b-8393/8%20Present%20and%20past%20habits%20and%20states%207a1fb1f763644c5f89cb955279a9bf4e.html) ","February 8, 2023",Done,,1) Choose one significant event/thing and write about your life with or without it (or before and after the event).
"9. Revision (Part%201%20e49b-8393/9%20Revision%20092912f4c8b949418a0f072ce20a7aed.html) ","March 15, 2023",Done,,"1) https://learnenglish.britishcouncil.org/grammar/english-grammar-reference/intensifiers

2) Articles
https://learnenglish.britishcouncil.org/grammar/a1-a2-grammar/articles-1
https://learnenglish.britishcouncil.org/grammar/a1-a2-grammar/articles-2"
"10. Revision 2 (Part%201%20e49b-8393/10%20Revision%202%20955d8eecb5ad4f4395f31890bf8eb141.html) ","March 22, 2023",Done,,"1) Family
https://www.englisch-hilfen.de/en/exercises/family/paraphrasing.htm
https://www.englisch-hilfen.de/en/exercises/family/family_tree.htm


2) Modals of ability
https://elt.oup.com/student/englishfile/intplus3/grammar/file06/nef_int_grammar06_b03?cc=de&selLanguage=en
https://www.notion.so/7430790619554b65894d2406f306a65e?pvs=21"
"11. Revision 3 (Part%201%20e49b-8393/11%20Revision%203%20895521e6b672454aa4116f3c1c8d4cee.html) ","March 29, 2023",Done,,"1) https://learnenglish.britishcouncil.org/grammar/b1-b2-grammar/modals-permission-obligation

2) https://learnenglish.britishcouncil.org/grammar/english-grammar-reference/past-tense"
"1. Passive voice (Part%202%205870-11e3/1%20Passive%20voice%20253eefa823c345938e0162754afe58db.html) ","April 5, 2023",Done,,"1) Passive voice
https://test-english.com/grammar-points/b1/passive-verb-forms/
https://test-english.com/grammar-points/b1/passive-verb-forms/2/
https://test-english.com/grammar-points/b1/passive-verb-forms/3/
https://test-english.com/grammar-points/b1/passive-verb-forms/4/

2) Active or passive voice?
https://test-english.com/grammar-points/b1/active-passive-voice/
https://test-english.com/grammar-points/b1/active-passive-voice/2/
https://test-english.com/grammar-points/b1/active-passive-voice/3/
https://test-english.com/grammar-points/b1/active-passive-voice/4/"
"1. Passive voice (Part%202%205870-11e3/1%20Passive%20voice%20253eefa823c345938e0162754afe58db.html) ","April 19, 2023",Done,,1) Prepare a small talk about a thing/book/invention/film. Use different passive forms to present it to me
"2. Cinema (Part%202%205870-11e3/2%20Cinema%202044e5a8a8924aefbfe15b4fc5e0d912.html) ","April 26, 2023",Done,,1) Do the https://wordwall.net/resource/19139858/cinema-crossword
"2. Cinema (Part%202%205870-11e3/2%20Cinema%202044e5a8a8924aefbfe15b4fc5e0d912.html) ","May 10, 2023",Done,,1) Create your own film! You can use questions from our lesson (in ex. 8) or follow your own plan. Be ready to present your ideas to me next time!
"3. Extreme weather and natural disasters (Part%202%205870-11e3/3%20Extreme%20weather%20and%20natural%20disasters%2003c995a958394dfd8d28258c06cc3b79.html) ","May 17, 2023",Done,,"1) Revise the words in https://quizlet.com/_9slbiv?x=1qqt&i=172xyn

2) Watch https://en.islcollective.com/video-lessons/how-to-survive-tsunami and do the tasks"
"3. Extreme weather and natural disasters (Part%202%205870-11e3/3%20Extreme%20weather%20and%20natural%20disasters%2003c995a958394dfd8d28258c06cc3b79.html) ","May 31, 2023",Done,,1) Find some information about a famous natural disaster and be ready to tell me about it (for not more than 3 minutes). Try to use new words.
"4. Modals of deduction (Part%202%205870-11e3/4%20Modals%20of%20deduction%203912ba9c83d64ff18a33048d041a10b7.html) ","June 14, 2023",Done,,"1) Modals of deduction (exercises)
https://test-english.com/grammar-points/b1/modal-verbs-of-deduction/
https://test-english.com/grammar-points/b1/modal-verbs-of-deduction/2/
https://test-english.com/grammar-points/b1/modal-verbs-of-deduction/3/

2) Watch https://youtu.be/S83E4BZwe84 about mysterious photos that cannot be explained.

Choose one photo and try to explain what's happening in it using modals of deduction. Make 7-10 sentences. "
"4. Modals of deduction (Part%202%205870-11e3/4%20Modals%20of%20deduction%203912ba9c83d64ff18a33048d041a10b7.html) ","June 25, 2023",Done,,"1) https://www.perfect-english-grammar.com/modal-verbs-of-probability-exercise-2.html 

2) Watch https://en.islcollective.com/video-lessons/sherlock-meets-moriarty-modals-deduction and complete the tasks

3) If you feel like watching more, watch https://en.islcollective.com/video-lessons/moriarty-steals-crown-jewels-modal-verbs too"
"5. Body movements + Body (Part%202%205870-11e3/5%20Body%20movements%20+%20Body%20e9996915cc344d0eaacb70db03ec4c31.html) ","July 2, 2023",Done,,"1) Practice new words
https://wordwall.net/resource/27306719/body-actions-ef-f2f
https://wordwall.net/resource/20799174/the-body-crossword"
"5. Body movements + Body (Part%202%205870-11e3/5%20Body%20movements%20+%20Body%20e9996915cc344d0eaacb70db03ec4c31.html) ","July 5, 2023",Done,,1) Revise and learn https://www.essentialenglish.review/apps/english-vocabulary-in-use-pre-intermediate-and-intermediate/unit-9-the-body-and-movement/#8
"6. Describing appearance (Part%202%205870-11e3/6%20Describing%20appearance%207103e71b311448a19c2a338c1dba9639.html) ","July 26, 2023",Done,,"1) Face2Face Workbook 10B (Part%202%205870-11e3/6%20Describing%20appearance/Face2Face%20Workbook%2010B%2011f33b5455c842d69273640f6564f60c.html) 

2) Learn some https://www.essentialenglish.review/apps/english-vocabulary-in-use-pre-intermediate-and-intermediate/unit-10-describing-appearance/#9 on appearance"
"6. Describing appearance (Part%202%205870-11e3/6%20Describing%20appearance%207103e71b311448a19c2a338c1dba9639.html) ","August 2, 2023",Done,,1) Choose a person (someone you know) and write a description of their appearance using new words.
"7. Revision (Part%202%205870-11e3/7%20Revision%208e20eb2798194fe28d8cdf7fc4d019b2.html) ","August 9, 2023",Done,,"1) Passive voice
https://elt.oup.com/student/englishfile/intermediate3/grammar/file06/nef_int_grammar06_a01?cc=ru&selLanguage=ru
https://elt.oup.com/student/englishfile/intermediate3/grammar/file06/nef_int_grammar06_a02?cc=ru&selLanguage=ru

2) https://wordwall.net/resource/58621204/natural-disasters"
"7. Revision (Part%202%205870-11e3/7%20Revision%208e20eb2798194fe28d8cdf7fc4d019b2.html) ","August 16, 2023",Done,,"1) Modas of deduction
https://elt.oup.com/student/englishfile/intermediate3/grammar/file06/nef_int_grammar06_b03?cc=ru&selLanguage=ru
https://elt.oup.com/student/englishfile/intermediate3/grammar/file06/nef_int_grammar06_b04?cc=ru&selLanguage=ru

2) The body
https://elt.oup.com/student/englishfile/intermediate3/vocabulary/the-body?cc=ru&selLanguage=ru

3) Revise all the vocabulary and grammar rules in Notion"
,"August 23, 2023",Done,,1) Do the https://docs.google.com/forms/d/e/1FAIpQLSd072_9VcFCn4ggfco0hId-SY2ttfocKLJvHUyhcj68LQZwnA/viewform?usp=sf_link
"1. Education (Part%203/1%20Education%201adef70c75bf41999e0004b79f51e520.html) ","September 12, 2023",Done,,"1) English File Workbook 7A (Part%203/1%20Education/English%20File%20Workbook%207A%2067bde051818941a39408c6a111bd7596.html) "
"1. Education (Part%203/1%20Education%201adef70c75bf41999e0004b79f51e520.html) ","September 13, 2023",Done,,1) Imagine that you have to describe Russian educational system to a person from Great Britain. Prepare your talk using new words from the lesson.
"2. Education (Part 2) (Part%203/2%20Education%20(Part%202)%20f6a31ec6f3224216a03f7c61caa3633d.html) ","October 18, 2023",Done,,"1) Do ex. 3B, 4A and 4B from Part%203/2%20Education%20(Part%202)%20f6a31ec6f3224216a03f7c61caa3633d.html. Be ready to check it together at the lesson."
"2. Education (Part 2) (Part%203/2%20Education%20(Part%202)%20f6a31ec6f3224216a03f7c61caa3633d.html) ","October 25, 2023",Done,,1) Write a review on a course that you have taken using new collocation from the lesson.
"3. First Conditional and future time clauses (Part%203/3%20First%20Conditional%20and%20future%20time%20clauses%2029699a5c6af44ccea3a413d2df25142c.html) ","November 1, 2023 → November 8, 2023",Done,,"1)  English File Workbook 7A GRAMMAR (Part%203/3%20First%20Conditional%20and%20future%20time%20clauses/English%20File%20Workbook%207A%20GRAMMAR%20f47d5b5180924f679e392c9a4e1f00ea.html) 
Write down your answers to ex. d and be ready to share it with me next time. 

2) Online practice
https://test-english.com/grammar-points/b1/first-conditional-future-time-clauses/
https://test-english.com/grammar-points/b1/first-conditional-future-time-clauses/2/
https://test-english.com/grammar-points/b1/first-conditional-future-time-clauses/3/"
"4. Second Conditional (Part%203/4%20Second%20Conditional%203bbbbcedfab8476b99166fb9425f6694.html) ","November 15, 2023",Done,,"1) Online practice (Second Conditional)
https://test-english.com/grammar-points/b1/second-conditional-unreal-situations/
https://test-english.com/grammar-points/b1/second-conditional-unreal-situations/2/
https://test-english.com/grammar-points/b1/second-conditional-unreal-situations/3/"
"4. Second Conditional (Part%203/4%20Second%20Conditional%203bbbbcedfab8476b99166fb9425f6694.html) ","November 22, 2023",Done,,1) Write about a person who is a hero for you. Use First and Second Conditional.
"6. Choosing between First and Second Conditional (Part%203/6%20Choosing%20between%20First%20and%20Second%20Conditional%2075d18ceeb5a4462984c0385386426e30.html) ","December 1, 2023",Done,,"1) Online practice
https://test-english.com/grammar-points/b1/first-and-second-conditionals/
https://test-english.com/grammar-points/b1/first-and-second-conditionals/2/
https://test-english.com/grammar-points/b1/first-and-second-conditionals/3/"
"7. Houses (Part%203/7%20Houses%20760acd5289514fdab1a51e322e9208bc.html) ","December 6, 2023",Done,,"1) English File Workbook 7B (Part%203/7%20Houses/English%20File%20Workbook%207B%202da6239b737c461296aef308b0703125.html) 

2) Do the https://wordwall.net/resource/25166067/houses-crossword-ef-7b"
"7. Houses (Part%203/7%20Houses%20760acd5289514fdab1a51e322e9208bc.html) ","December 13, 2023",Done,,"1) https://quizlet.com/ru/568794606/homes-flash-cards/?x=1qqt

2) Describe your dream house using new words. Be ready to present your house to me next time!"
"7. Houses (Part%203/7%20Houses%20760acd5289514fdab1a51e322e9208bc.html) ","December 20, 2023",Done,,1) Watch https://en.islcollective.com/english-esl-video-lessons/listening-comprehension/deep-listening-focus-on-meaning/rooms-house/a-tiny-apartment-in-tokyo-8-m2/486572 about a tiny apartment in Tokyo and do the tasks
"8. Making suggestions (Part%203/8%20Making%20suggestions%20305c88ed2b0c4514862e744927609809.html) ","January 11, 2024",Done,,"1) Face2Face Workbook 6D (Part%203/8%20Making%20suggestions/Face2Face%20Workbook%206D%20b61e982a3013454881cc101a107c2aff.html) 

2) Learn and practice https://www.essentialenglish.review/apps/english-vocabulary-in-use-pre-intermediate-and-intermediate/unit-66-requests-permission-and-suggestions/#65 for making suggestions

3) You organise an event for your friends and family.
- decide in - what kind of an event it will be
- where it will take place
- what kind of activities you plan to organise and who you need to hire/invite"
"9. Revision (Part%203/9%20Revision%20ccf62f7c53dd4f6c9654fdb97819c484.html) ","January 18, 2024",Done,,"First Conditional and future time clauses
https://elt.oup.com/student/englishfile/intermediate3/grammar/file07/nef_int_grammar07_01a?cc=ru&selLanguage=ru
https://elt.oup.com/student/englishfile/intermediate3/grammar/file07/nef_int_grammar07_a02?cc=ru&selLanguage=ru

Second Conditional
https://elt.oup.com/student/englishfile/intermediate3/grammar/file07/nef_int_grammar07_b03?cc=ru&selLanguage=ru
https://elt.oup.com/student/englishfile/intermediate3/grammar/file07/nef_int_grammar07_b04?cc=ru&selLanguage=ru

Choosing between conditionals
https://elt.oup.com/student/englishfile/intermediate3/vocabulary/houses?cc=ru&selLanguage=ru
https://elt.oup.com/student/englishfile/intplus3/grammar/file04/nef_int_grammar04_b04?cc=ru&selLanguage=ru"
"9. Revision (Part%203/9%20Revision%20ccf62f7c53dd4f6c9654fdb97819c484.html) ","February 1, 2024",50/50,,"Vocabulary revision
https://elt.oup.com/student/englishfile/intermediate3/vocabulary/education?cc=ru&selLanguage=ru
https://elt.oup.com/student/englishfile/intermediate3/vocabulary/houses?cc=ru&selLanguage=ru"
,"February 8, 2024",Done,,"1) Do the https://docs.google.com/forms/d/e/1FAIpQLSfcTcTKRsi4Y36SqUscbsLA_nY-cA9xd6MC2ZCE3L3rUTWp0A/viewform?usp=sf_link. "
"1. Work (Part%204/1%20Work%20fe1a6b5c69b34c18974c3ee5153d8328.html) ","February 15, 2024",Done,,"1)  English File Workbook 8A VOCABULARY (Part%204/1%20Work/English%20File%20Workbook%208A%20VOCABULARY%206baabc56b52841a9b713ed1e7bee5091.html) 

2) Write a story about your professional way: use as many new words as you can and be ready to tell it to me next time.

3) (additional task) Listen to the podcast and do the tasks https://learnenglish.britishcouncil.org/skills/listening/b1-listening/work-life-balance"
"2. Gerund vs infinitive (Part%204/2%20Gerund%20vs%20infinitive%202277b26caa8948a4be0c91dbf58a0cb6.html) ","February 22, 2024 → February 29, 2024",Done,,"1) Gerund vs infinitive
https://test-english.com/grammar-points/b1/gerund-or-infinitive-do-to-do-doing/
https://test-english.com/grammar-points/b1/gerund-or-infinitive-do-to-do-doing/2/
https://test-english.com/grammar-points/b1/gerund-or-infinitive-do-to-do-doing/3/
https://test-english.com/grammar-points/b1/gerund-or-infinitive-do-to-do-doing/4/

2) English File Workbook 8A (Part%204/2%20Gerund%20vs%20infinitive/English%20File%20Workbook%208A%20c7f6902b585949f89722736d6ce894d9.html) "
"3. Shopping (Part%204/3%20Shopping%20b2b80e06b973438c89123695915b456f.html) ","March 7, 2024",Done,,1) Learn https://www.essentialenglish.review/apps/english-vocabulary-in-use-pre-intermediate-and-intermediate/unit-23-shopping/#22s for shopping
"3. Shopping (Part%204/3%20Shopping%20b2b80e06b973438c89123695915b456f.html) ","March 14, 2024",Done,,1) Create 5 questions about shopping for me. Use new words from the homework and from our last lessons
"4. Reported speech (Part%204/4%20Reported%20speech%200a9ce1dc2e834721b17a4be636ae7b49.html) ","April 3, 2024",Done,,"1) Revise reported speech
https://test-english.com/grammar-points/b1/reported-speech-indirect-speech/
https://test-english.com/grammar-points/b1/reported-speech-indirect-speech/2/
https://test-english.com/grammar-points/b1/reported-speech-indirect-speech/3/

2) Watch the video and do the quiz https://en.islcollective.com/video-lessons/reported-speech-the-grammar-gameshow"
"4. Reported speech (Part%204/4%20Reported%20speech%200a9ce1dc2e834721b17a4be636ae7b49.html) ","April 10, 2024",Done,,1) Collect 5-7 quotes from famous people/characters or your family members and be ready to report them to me using reported speech 😊
"5. Making nouns from verbs (Part%204/5%20Making%20nouns%20from%20verbs%208e1f334efa0d4cbe89cff9a733c269f7.html) ","April 17, 2024",Done,,"1)  English File Workbook 8B + Vocabulary in Use Unit 71 (Part%204/5%20Making%20nouns%20from%20verbs/English%20File%20Workbook%208B%20+%20Vocabulary%20in%20Use%20Unit%20%20b5109880a3ca45849ed892d79c4c6a1c.html) 

2) Play a https://wordwall.net/resource/17837368/making-nouns-from-verbs-right-or-wrong 🙂"
"6. Kindness (Part%204/6%20Kindness%20e6abdaa59ee4469bbbdf0e33f32b8e69.html) ","April 24, 2024",Done,,"1) Watch the video and answer the questions in Part%204/6%20Kindness%20e6abdaa59ee4469bbbdf0e33f32b8e69.html

2) Come up with your own ideas of random acts of kindness in Part%204/6%20Kindness%20e6abdaa59ee4469bbbdf0e33f32b8e69.html"
"6. News (Part%204/6%20News%20b1aaf56ecd9449d19584079b04532d7d.html) ","May 15, 2024",Done,,"1) Empower Workbook 8A (Part%204/6%20News/Empower%20Workbook%208A%20fe7f6dfc58724e9eba9aca8741dac75c.html) 

2) Prepare a piece of positive news and be ready to share it next time."
"7. Generalising, being vague (Part%204/7%20Generalising,%20being%20vague%20e4733d38ab6c49b5b9d64519de53f935.html) ","May 22, 2024",Done,,"1) Complete ex. 2, 3 and 4 from Part%204/7%20Generalising,%20being%20vague%20e4733d38ab6c49b5b9d64519de53f935.html
You can also find the video from the lesson in ex. 1"
"7. Generalising, being vague (Part%204/7%20Generalising,%20being%20vague%20e4733d38ab6c49b5b9d64519de53f935.html) ","May 29, 2024",Done,,"1) Face2Face Workbook 4D (Part%204/7%20Generalising,%20being%20vague/Face2Face%20Workbook%204D%20a164d6ccee2742bab5ab209b42f55e27.html) 

2) Think of 5 stereotypes about people. Write 5 sentences using phases to soften your opinion and generalising.

e.g. Some teenagers tend to be quite aggressive."
"8. Reporting verbs (Part%204/8%20Reporting%20verbs%203076d839d8194825b530a1bcd85741ad.html) ","June 5, 2024",Done,,"1) Explore reporting verbs and do the following exercises:
https://wordwall.net/resource/23747415/reporting-verbs-f2f-definition-matching
https://wordwall.net/resource/54155743/-reporting-verbs-verb-patterns-f2f-so"
"8. Reporting verbs (Part%204/8%20Reporting%20verbs%203076d839d8194825b530a1bcd85741ad.html) ","June 14, 2024",Done,,"1) Face2Face Workbook 11C + Vocabulary in Use Unit 88 (Part%204/8%20Reporting%20verbs/Face2Face%20Workbook%2011C%20+%20Vocabulary%20in%20Use%20Unit%2088%20993b2d719d934817aeb74a65c89f4f9a.html) "
"9. Revision (Part%204/9%20Revision%208ddd968c9be84a2692ff4f6f2803b5f1.html) ","July 10, 2024",Done,,"1) Navigate Workbook 5.1 (Part%204/9%20Revision/Navigate%20Workbook%205%201%20de407b62c30a42088bc8b14b60fdb697.html) 

2) Online practice (revision)
GRAMMAR
https://elt.oup.com/student/englishfile/intermediate3/grammar/file08/?cc=ru&selLanguage=ru

VOCABULARY
https://elt.oup.com/student/englishfile/intermediate3/vocabulary/word-building?cc=ru&selLanguage=ru
https://elt.oup.com/student/englishfile/intermediate3/vocabulary/work?cc=ru&selLanguage=ru"
"9. Revision (Part%204/9%20Revision%208ddd968c9be84a2692ff4f6f2803b5f1.html) ","July 16, 2024",Done,,"1) Complete the https://docs.google.com/forms/d/e/1FAIpQLScbZA2E0_hFGQWrcE4DhRyt0zy8fONC20iq1fUfCzO3CZ0f2A/viewform?usp=sf_link. Please, write me a message whe you finish."
"1. Third Conditional (Part%205/1%20Third%20Conditional%20d59fdb8edd434b2799906ce5dc2acc51.html) ","July 25, 2024",Done,,"1) Online practice (3rd Conditional)
https://test-english.com/grammar-points/b1/third-conditional-past-unreal-situations/
https://test-english.com/grammar-points/b1/third-conditional-past-unreal-situations/2/
https://test-english.com/grammar-points/b1/third-conditional-past-unreal-situations/3/

2) https://www.perfect-english-grammar.com/third-conditional-exercise-1.html

3) Watch https://en.islcollective.com/video-lessons/conditionals-video-lesson and do the tasks"
"1. Third Conditional (Part%205/1%20Third%20Conditional%20d59fdb8edd434b2799906ce5dc2acc51.html) ","July 31, 2024",Done,,"1) https://www.perfect-english-grammar.com/third-conditional-exercise-1.html

2) Write 8 sentences about your past using third conditional."
"2. Making adjectives and adverbs (Part%205/2%20Making%20adjectives%20and%20adverbs%206cb100bfc9fb484bb204427a230b8498.html) ","August 7, 2024",Done,,"1) Online practice (word building)
https://www.english-grammar.at/online_exercises/word-formation/wf074-word-formation-sentences.htm
https://www.english-grammar.at/online_exercises/word-formation/wf073-word-formation-sentences.htm
https://www.english-grammar.at/online_exercises/word-formation/wf067.htm
https://www.english-grammar.at/online_exercises/word-formation/wf045-sentences.htm
https://www.english-grammar.at/online_exercises/word-formation/wf044-sentences.htm

2) Practice word building a little bit more Homework (Part%205/2%20Making%20adjectives%20and%20adverbs/Homework%2060cc920ee5f74fd488178737e4b66e59.html) "
"3. Electronic devices (Part%205/3%20Electronic%20devices%202a5cddb3b9a94cc18a4e7c3ba28c5b66.html) ","August 28, 2024",Done,,1) Learn https://www.essentialenglish.review/apps/english-vocabulary-in-use-pre-intermediate-and-intermediate/unit-54-computers/#53about electronic devices
"4. Quantifiers (Part%205/4%20Quantifiers%20a0e297c1c4da451db7940ff80d7dc1a1.html) ","September 4, 2024",Done,,"1) Online practice (Quantifiers)
https://test-english.com/grammar-points/a2/much-many-little-few-some-any/
https://test-english.com/grammar-points/b1/much-many-lot-little-no/
https://test-english.com/grammar-points/b1/any-no-none/"
"4. Quantifiers (Part%205/4%20Quantifiers%20a0e297c1c4da451db7940ff80d7dc1a1.html) ","September 11, 2024",Done,,1) Write an essay about advantages and disadvantages of spartphones. Use vocabulary about electronic devices and quantifiers. Write at least 200 words. Send me your essay before our next lesson.
"6. Relative clauses (Part%205/6%20Relative%20clauses%2028715f2cd05f4cb5850f221ede18d6d5.html) ","September 25, 2024",Done,,"1) Relative clauses (online practice)
https://test-english.com/grammar-points/b1/defining-and-non-defining-relative-clauses/
https://test-english.com/grammar-points/b1/defining-and-non-defining-relative-clauses/2/
https://test-english.com/grammar-points/b1/defining-and-non-defining-relative-clauses/3/ 

2) Write 9 ""quiz"" questions using relative clauses with different words. These words shouldn't be too easy to guess. "
"6. Indirect questions (Part%205/6%20Indirect%20questions%2091f0f04361204b158145edeb0102ec2c.html) ","October 23, 2024",Done,,"1) Online practice (indirect questions)
https://www.perfect-english-grammar.com/indirect-questions-exercise-1.html
https://www.perfect-english-grammar.com/indirect-questions-exercise-2.html
https://www.perfect-english-grammar.com/indirect-questions-exercise-3.html

2) Practice more https://www.essentialenglish.review/apps/english-grammar-in-use-with-answers/unit-50-question-2-do-you-know-where-he-asked-me-where/#49

2) Make 9 indirect questions to a famous person using these phrases:

Would you mind telling me...
I'd like to know...
Could you tell me...
Can I ask you..."
"7. Question tags (Part%205/7%20Question%20tags%20b1291ea6eb1a4023a31bdd4679d44010.html) ","November 6, 2024",Done,,"1) Question tags
https://www.perfect-english-grammar.com/question-tags-exercise-1.html
https://test-english.com/grammar-points/b1/question-tags/
https://test-english.com/grammar-points/b1/question-tags/2/
https://test-english.com/grammar-points/b1/question-tags/3/"
"8. Revision (Part%205/8%20Revision%20c81fb98ef466480d95a79a9f948a7bfc.html) ","November 20, 2024",Done,,"1) Practice passive voice
https://www.englisch-hilfen.de/en/exercises/active_passive/passive_sentences1.htm
https://www.englisch-hilfen.de/en/exercises/active_passive/passive_sentences2.htm
https://www.englisch-hilfen.de/en/exercises/active_passive/sentences_simple_past.htm
https://www.englisch-hilfen.de/en/exercises/active_passive/sentences_mixed.htm
https://test-english.com/grammar-points/b1/active-passive-voice/"
"8. Revision (Part%205/8%20Revision%20c81fb98ef466480d95a79a9f948a7bfc.html) ","November 27, 2024",Done,,1) Practice gerunds and infinitives https://www.perfect-english-grammar.com/gerunds-and-infinitives-exercise-1.html
"8. Revision (Part%205/8%20Revision%20c81fb98ef466480d95a79a9f948a7bfc.html) ","December 4, 2024",Done,,1) Practice conditionals https://www.perfect-english-grammar.com/first-second-third-conditionals-exercise.html
,"December 11, 2024",Done,,1) Take https://docs.google.com/forms/d/e/1FAIpQLScKOYO410ptnbMlNrQgnyVmzm-YaUhGqhkePMF3t8QCH1q4hQ/viewform?usp=sf_link
"1. Communication (Part%201/1%20Communication%2017515e0e4a0980bfb98ce5ab3ade9397.html) ","January 8, 2025",Done,,1) Choose a country and be ready to tell about their traditions in communication using the plan from ex. 6. Use new phrases!
"1. Communication (Part%201/1%20Communication%2017515e0e4a0980bfb98ce5ab3ade9397.html) ","January 15, 2025",Done,,1) Prepare a set of rules for people who want to communicate with people in Russia 🙂
"2. Question formation (Part%201/2%20Question%20formation%2018115e0e4a0980c0a902f0483450be30.html) ","January 29, 2025",Done,,"1) Navigate Upper Intermediate Unit 1.1 (Grammar) (Part%201/2%20Question%20formation/Navigate%20Upper%20Intermediate%20Unit%201%201%20(Grammar)%2018115e0e4a0980babb2cc89587e34323.html) 

2) Online practice 
https://test-english.com/grammar-points/b1-b2/questions-different-types/
https://test-english.com/grammar-points/b1-b2/questions-different-types/2/
https://test-english.com/grammar-points/b1-b2/questions-different-types/3/"
"2. Question formation (Part%201/2%20Question%20formation%2018115e0e4a0980c0a902f0483450be30.html) ","February 5, 2025",Done,,1) Complete ex. 5 Part%201/2%20Question%20formation%2018115e0e4a0980c0a902f0483450be30.html. Check yourself using the keys and choose 1 question from each category to discuss next time.
"3. Valentine’s Day (Part%201/3%20Valentine%E2%80%99s%20Day%2019815e0e4a09803e97b5f00d39adffa5.html) ","February 12, 2025",Done,,"Choose the task that you like the most and write 5-7 sentences
about it. Use at least four target vocabulary words from the lesson.

-  You are a social media influencer who loves astrology. Write a post about your zodiac sign. Share your favorite characteristics and how they impact your daily life
-  You have just read an article about zodiac signs and their impact on personality. Write a comment on the article, discussing whether you agree or disagree with the author's viewpoint
- Write a short social media post about your zodiac sign and how it matches with your best friend's partners sign."
"4. Personality (Part%201/4%20Personality%201a515e0e4a0980af8c2bc46e31d30869.html) ","February 26, 2025",Done,,"1) Speakout Workbook Upper-Intermediate 1.1 VOCABULARY (Part%201/4%20Personality/Speakout%20Workbook%20Upper-Intermediate%201%201%20VOCABULAR%201a515e0e4a0980b889afca48afa9ab70.html) 

3) Learn some more words about personality 
https://www.essentialenglish.review/apps/english-vocabulary-in-use-upper-intermediate/unit-8-describing-people-personality#7"
"4. Personality (Part%201/4%20Personality%201a515e0e4a0980af8c2bc46e31d30869.html) ","March 5, 2025",Done,,1) Choose one book/movie character and prepare their description. Prepare from 8 to 10 sentences and use at least 5 new words from the lesson
"5. Direct and indirect questions (Part%201/5%20Direct%20and%20indirect%20questions%201b415e0e4a0980f8b6dbf4f8f7731df7.html) ","March 12, 2025",Done,,"1) Online practice
https://test-english.com/grammar-points/b1-b2/indirect-questions/
https://test-english.com/grammar-points/b1-b2/indirect-questions/2/
https://test-english.com/grammar-points/b1-b2/indirect-questions/3/

2) Speakout Workbook 1.1 GRAMMAR (Part%201/5%20Direct%20and%20indirect%20questions/Speakout%20Workbook%201%201%20GRAMMAR%201b415e0e4a09807bbff9d8609426f2ad.html) "
"6. Questions no one knows the answers to (Part%201/6%20Questions%20no%20one%20knows%20the%20answers%20to%201ba15e0e4a09803d9e9ec1b4affb2217.html) ","March 20, 2025",Done,,1) Make the questions in Part%201/6%20Questions%20no%20one%20knows%20the%20answers%20to%201ba15e0e4a09803d9e9ec1b4affb2217.html indirect and try to give an answer to them
"7. Starting a conversation with a stranger + Auxiliaries (Part%201/7%20Starting%20a%20conversation%20with%20a%20stranger%20+%20Auxili%201c215e0e4a0980fbbc2fe84bafc53edb.html) ","March 27, 2025",Done,,1) Create 3 short conversations between strangers. Use new phrases from Part%201/7%20Starting%20a%20conversation%20with%20a%20stranger%20+%20Auxili%201c215e0e4a0980fbbc2fe84bafc53edb.html. I will guess where these conversations take place.
"7. Starting a conversation with a stranger + Auxiliaries (Part%201/7%20Starting%20a%20conversation%20with%20a%20stranger%20+%20Auxili%201c215e0e4a0980fbbc2fe84bafc53edb.html) ","April 2, 2025",Done,,"1) Online practice (uses of auxiliaries)
https://test-english.com/grammar-points/b1-b2/auxiliary-verbs-different-uses/
https://test-english.com/grammar-points/b1-b2/auxiliary-verbs-different-uses/2/
https://test-english.com/grammar-points/b1-b2/auxiliary-verbs-different-uses/3/


2) English File Workbook 1B (Part%201/7%20Starting%20a%20conversation%20with%20a%20stranger%20+%20Auxili/English%20File%20Workbook%201B%201c215e0e4a09807facfada86c1f5df74.html) "
"7. Starting a conversation with a stranger + Auxiliaries (Part%201/7%20Starting%20a%20conversation%20with%20a%20stranger%20+%20Auxili%201c215e0e4a0980fbbc2fe84bafc53edb.html) ","April 16, 2025",Done,,1) Create a dialogue with different uses of auxiliaries. You can find the topic for your dialolgue Part%201/7%20Starting%20a%20conversation%20with%20a%20stranger%20+%20Auxili%201c215e0e4a0980fbbc2fe84bafc53edb.html (you choose only one)
"8. Feelings (Part%201/8%20Feelings%201dd15e0e4a0980f6b5d6d892567e43f5.html) ","April 30, 2025",Done,,"1) Speakout Workbook Unit 1.2 VOCABULARY (Part%201/8%20Feelings/Speakout%20Workbook%20Unit%201%202%20VOCABULARY%201dd15e0e4a09800db91dec69de7812e0.html) "
"8. Feelings (Part%201/8%20Feelings%201dd15e0e4a0980f6b5d6d892567e43f5.html) ","May 7, 2025",Done,,"1) Remember a situation when you had to do something unusual or novel for you, e.g. gave a talk or jumped with parachute. Think about the following:
- why you did that
- how you felt when you did it
- do you think you’ll ever do it again or (maybe you have done it many times since then)"
"9. Present Perfect (Part%201/9%20Present%20Perfect%201f215e0e4a0980d8a30df5d5781411fb.html) ","May 14, 2025",50/50,,"1) Speakout Workbook 1.2 GRAMMAR (Part%201/9%20Present%20Perfect/Speakout%20Workbook%201%202%20GRAMMAR%201f215e0e4a098037853cf16c2590192e.html) 

2) Grammar in Use
Unit 7 https://www.essentialenglish.review/apps/english-grammar-in-use-with-answers/unit-7-present-perfect-1-i-have-done#6
Unit 8 https://www.essentialenglish.review/apps/english-grammar-in-use-with-answers/unit-8-present-perfect-2-i-have-done#7"
"9. Present Perfect (Part%201/9%20Present%20Perfect%201f215e0e4a0980d8a30df5d5781411fb.html) ","May 21, 2025",Done,,1) Prepare to talk about activities that are important to you. Use the plan in Part%201/9%20Present%20Perfect%201f215e0e4a0980d8a30df5d5781411fb.html. Think carefully about the tenses!
"10. Word building (nouns) (Part%201/10%20Word%20building%20(nouns)%201fb15e0e4a0980378de8e8dbc2942fca.html) ","May 28, 2025",Done,,"1) Speakout Wordbook 1.2 VOCABULARY PLUS + EXTRA WORDS   (Part%201/10%20Word%20building%20(nouns)/Speakout%20Wordbook%201%202%20VOCABULARY%20PLUS%20+%20EXTRA%20WORD%201fb15e0e4a098062bd13db9cd6638035.html) "
"12. Revision (Part%201/12%20Revision%2022015e0e4a0980499faccbc4e4d567a1.html) ","July 2, 2025",Done,,"1) English Grammar in Use Unit 50 (Part%201/12%20Revision/English%20Grammar%20in%20Use%20Unit%2050%2022515e0e4a0980a2b177e0ec84fc4e4e.html) "
"12. Revision (Part%201/12%20Revision%2022015e0e4a0980499faccbc4e4d567a1.html) ","July 9, 2025",Done,,1) Practice auxiliaries https://english-practice.net/english-grammar-exercises-auxiliary-verbs/
,"July 30, 2025",Done,,1) Complete the test https://docs.google.com/forms/d/e/1FAIpQLScshYrWJhiHlhHysLG8LnUzGrjjFK3xGY0ylENR5A9itQCNoA/viewform?usp=sf_link
"1. Issues (Part%202/1%20Issues%2024815e0e4a0980bdaa37cafa385e8dd1.html) ","August 13, 2025 → August 20, 2025",Done,,"1) Speakout Upper Unit 2.1 (Vocabulary) (Part%202/1%20Issues/Speakout%20Upper%20Unit%202%201%20(Vocabulary)%2024815e0e4a0980d098b2d70fc256585c.html) 

2) https://www.essentialenglish.review/apps/english-vocabulary-in-use-upper-intermediate/unit-13-global-problems#12"
"2. Present Perfect vs Present Perfect Continuous  (Part%202/2%20Present%20Perfect%20vs%20Present%20Perfect%20Continuous%2025415e0e4a0980cd8a1ee25aebd266d3.html) ","August 27, 2025",Done,,"1) Speakout 2nd Ed. Upper Workbook Unit 2.1 (Part%202/2%20Present%20Perfect%20vs%20Present%20Perfect%20Continuous/Speakout%202nd%20Ed%20Upper%20Workbook%20Unit%202%201%2025415e0e4a098060a2fbf031e791c209.html) 

2) Grammar in Use
Unit 9 https://www.essentialenglish.review/english-grammar-in-use-with-answers/
Unit 10 https://www.essentialenglish.review/apps/english-grammar-in-use-with-answers/unit-10-present-perfect-continuous-and-simple-i-have-been-doing-and-i-have-done#9"
"2. Present Perfect vs Present Perfect Continuous  (Part%202/2%20Present%20Perfect%20vs%20Present%20Perfect%20Continuous%2025415e0e4a0980cd8a1ee25aebd266d3.html) ","September 3, 2025",Done,,1) Look at the list of problems is Part%202/2%20Present%20Perfect%20vs%20Present%20Perfect%20Continuous%2025415e0e4a0980cd8a1ee25aebd266d3.html and think of thr problem that you think should win. Be ready to present your reason (come up with at least 3)
"3. Verbs/nouns with the same form (Part%202/3%20Verbs%20nouns%20with%20the%20same%20form%2026815e0e4a098040b170f345ab6c164d.html) ","September 17, 2025",Done,,"1) Do Part%202/3%20Verbs%20nouns%20with%20the%20same%20form%2026815e0e4a098040b170f345ab6c164d.html from the lesson

2) Speakout Upper-Intermediate Workbook Unit 2.1 VOCABULARY PLUS (Part%202/3%20Verbs%20nouns%20with%20the%20same%20form/Speakout%20Upper-Intermediate%20Workbook%20Unit%202%201%20VOCA%2026815e0e4a098092be55c69df120b038.html) "
"3. Verbs/nouns with the same form (Part%202/3%20Verbs%20nouns%20with%20the%20same%20form%2026815e0e4a098040b170f345ab6c164d.html) ","October 15, 2025",Done,,1) Create 5 pairs of sentences with verbs that can be used like nouns. Hide the words and prepare a test for me :)
"4. Expressing opinions and supporting your opinion (Part%202/4%20Expressing%20opinions%20and%20supporting%20your%20opinion%2027715e0e4a09802c882ce1c060163d93.html) ","October 22, 2025",Done,,"1) Do ex. 1 Part%202/4%20Expressing%20opinions%20and%20supporting%20your%20opinion%2027715e0e4a09802c882ce1c060163d93.html

2) Finish ex. 3 Part%202/4%20Expressing%20opinions%20and%20supporting%20your%20opinion%2027715e0e4a09802c882ce1c060163d93.html (Conversation 2) and think of your opinion on the topic. Be ready to share it!"
"4. Expressing opinions and supporting your opinion (Part%202/4%20Expressing%20opinions%20and%20supporting%20your%20opinion%2027715e0e4a09802c882ce1c060163d93.html) ","October 29, 2025",Done,,"1) Complete Part%202/4%20Expressing%20opinions%20and%20supporting%20your%20opinion%2027715e0e4a09802c882ce1c060163d93.html

2) Speakout Upper-Intermediate  Workbook Unit 2.3 (Part%202/4%20Expressing%20opinions%20and%20supporting%20your%20opinion/Speakout%20Upper-Intermediate%20Workbook%20Unit%202%203%2027715e0e4a09801b8e26e05694d5acaa.html) "
"4. Expressing opinions and supporting your opinion (Part%202/4%20Expressing%20opinions%20and%20supporting%20your%20opinion%2027715e0e4a09802c882ce1c060163d93.html) ","November 12, 2025",Done,,1) From Part%202/4%20Expressing%20opinions%20and%20supporting%20your%20opinion%2027715e0e4a09802c882ce1c060163d93.html choose 3 statements that you agree with and 3 statements you disagree with. Write short answers to each of them: your opinion + an argument to support it. Be ready to share your notes and thoughts with me next time 😊
"5. Moving (Part%202/5%20Moving%202b015e0e4a0980b1a068f39e5b595feb.html) ","November 19, 2025",Done,,"1) Vocabulary in Use Upper-Intermediate Units 31, 58
https://www.essentialenglish.review/apps/english-vocabulary-in-use-upper-intermediate/unit-31-travel#30
https://www.essentialenglish.review/apps/english-vocabulary-in-use-upper-intermediate/unit-58-movement-and-speed#57"
"6. Zero and first conditional, future clauses + Expressions with take (Part%202/6%20Zero%20and%20first%20conditional,%20future%20clauses%20+%20Exp%202b715e0e4a0980a982ced9f8bc4c9aed.html) ","December 3, 2025",Done,,"1) Online practice 
Exercise 1 https://test-english.com/grammar-points/b1-b2/zero-first-conditional-future-time-clauses/
Exercise 2 https://test-english.com/grammar-points/b1-b2/zero-first-conditional-future-time-clauses/2/
Exercise 3 https://test-english.com/grammar-points/b1-b2/zero-first-conditional-future-time-clauses/3/"
"6. Zero and first conditional, future clauses + Expressions with take (Part%202/6%20Zero%20and%20first%20conditional,%20future%20clauses%20+%20Exp%202b715e0e4a0980a982ced9f8bc4c9aed.html) ","December 17, 2025",Done,,"1) Oxford Living Grammar Upper-Intermediate Unit 18 (Part%202/6%20Zero%20and%20first%20conditional,%20future%20clauses%20+%20Exp/Oxford%20Living%20Grammar%20Upper-Intermediate%20Unit%2018%202b715e0e4a0980e7af2feb4a130d14c6.html) 

2) Complete Part%202/6%20Zero%20and%20first%20conditional,%20future%20clauses%20+%20Exp%202b715e0e4a0980a982ced9f8bc4c9aed.html (2-4) and form your opinion about each situation using 0 or 1 Conditional. Create 1-2 conditional sentence for each situation."
"6. Zero and first conditional, future clauses + Expressions with take (Part%202/6%20Zero%20and%20first%20conditional,%20future%20clauses%20+%20Exp%202b715e0e4a0980a982ced9f8bc4c9aed.html) ","January 11, 2026",Done,,1) Revisse new phrases from here Take (Vocabulary/Take%202e515e0e4a09808ca81ec3707a0d576b.html) and choose your favourite ones
"6. Zero and first conditional, future clauses + Expressions with take (Part%202/6%20Zero%20and%20first%20conditional,%20future%20clauses%20+%20Exp%202b715e0e4a0980a982ced9f8bc4c9aed.html) ","January 14, 2026",50/50,,"1) English File Workbook 4B GRAMMAR + VOCABULARY (Part%202/6%20Zero%20and%20first%20conditional,%20future%20clauses%20+%20Exp/English%20File%20Workbook%204B%20GRAMMAR%20+%20VOCABULARY%202b715e0e4a0980369640ca5efc3358b5.html) "
"8. Ways of comparing (Part%202/8%20Ways%20of%20comparing%202ef15e0e4a098077b958e7a06e6ba2e7.html) ","January 21, 2026",Done,,"1) Grammar in Use Advanced Unit 72 (Part%202/8%20Ways%20of%20comparing/Grammar%20in%20Use%20Advanced%20Unit%2072%202ef15e0e4a09805c9e92cf5ea53374d4.html) "
"8. Ways of comparing (Part%202/8%20Ways%20of%20comparing%202ef15e0e4a098077b958e7a06e6ba2e7.html) ","January 28, 2026",Done,,1) Here’s your homework: https://wordwall.net/resource/34682648/comparatives-thethe Complete the exercise from the lesson: you can write down the sentences and check them by flipping the cards. Be ready to didcudd them too.
"9. Good life (Part%202/9%20Good%20life%2030515e0e4a0980e98d16fa99f06bc61b.html) ","February 5, 2026",Done,,1) Complete the exercise https://wordwall.net/resource/54622211/happiness-so-int-plus-63
"9. Good life (Part%202/9%20Good%20life%2030515e0e4a0980e98d16fa99f06bc61b.html) ","February 12, 2026",Not started,,"1) Speakout Intermediate Plus Workbook Unit 6.3 VOCABULARY + Speakout Intermediate Plus Student Book Happiness (p. 125) (Part%202/9%20Good%20life/Speakout%20Intermediate%20Plus%20Workbook%20Unit%206%203%20VOCAB%2030515e0e4a0980d08b63c24848c33625.html) "